{"cameraMode":{"drawMode":0,"name":"Shaded","section":"Shading Mode"},"sceneLighting":true,"audioPlay":false,"sceneViewState":{"m_AlwaysRefresh":false,"showFog":true,"showSkybox":true,"showFlares":true,"showImageEffects":true,"showParticleSystems":true,"showVisualEffectGraphs":true,"m_FxEnabled":true},"in2DMode":false,"pivot":{"x":2.1601250171661379,"y":-1.0224330425262452,"z":-3.4572091102600099},"rotation":{"x":0.32475122809410097,"y":0.3562474548816681,"z":-0.13361112773418427,"w":0.865902841091156},"size":11.640286445617676,"orthographic":false}